statefip,Mean_Index,year_anes,state_anes,Join_year,Trump_2015,value,Explicit_value,hate_crimes_per_100000,Value,state
0,-0.5723589992561582,2000,NA,2000,0,NA,NA,0,-0.5723589992561582,NA
1,0.5777772150305708,1994,alabama,1994,0,NA,NA,0,0.5777772150305708,Alabama
1,0.270465686874593,1998,alabama,1998,0,NA,NA,0,0.270465686874593,Alabama
1,0.07787800029989907,2000,alabama,2000,0,NA,NA,0,0.07787800029989907,Alabama
1,-0.13084889861726767,2002,alabama,2002,0,NA,NA,0,-0.13084889861726767,Alabama
1,0.05108785340879095,2004,alabama,2004,0,0.49017541477305987,NA,0,0.5412632681818508,Alabama
1,0.28285772689384386,2008,alabama,2008,0,0.4654205158509518,4.053134796238244,0,0.7482782427447956,Alabama
1,0.032097025093139,2012,alabama,2012,0,0.42457502766720157,4.116163431583992,0,0.45667205276034056,Alabama
1,0.2885005308311814,2016,alabama,2016,1,0.34883920367091764,4.199333917616126,0,0.637339734502099,Alabama
1,-0.23956048122865364,2020,alabama,2020,1,0.3514955898498146,3.9098601494169096,0,0.11193510862116096,Alabama
2,0.7816373376686946,2012,alaska,2012,0,0.3867361260605242,4.148467432950191,0.14005896482419097,1.30843242855341,Alaska
2,-1.2021954975560334,2016,alaska,2016,1,0.26257882435029106,4.073419611747138,0.14005896482419097,-0.7995577083815513,Alaska
2,-0.2407059639195088,2020,alaska,2020,1,0.21942529202982963,3.8942901234567904,0,-0.021280671889679165,Alaska
4,0.5473845185648166,1994,arizona,1994,0,NA,NA,0.4106383811649482,0.9580228997297648,Arizona
4,-0.09166104302862789,2000,arizona,2000,0,NA,NA,0.1947908637630751,0.10312982073444722,Arizona
4,0.39749792747372237,2002,arizona,2002,0,NA,NA,0.17531177738676756,0.5728097048604899,Arizona
4,0.2783766767083112,2008,arizona,2008,0,0.3602752396467478,3.954466671135412,0.2142699501393826,0.8529218664944416,Arizona
4,0.5149670738778008,2012,arizona,2012,0,0.3411859039701375,3.875605087132547,0.06236613693389672,0.918519114781835,Arizona
4,0.08574627001178577,2016,arizona,2016,1,0.26268751620968556,3.788912286313395,0.0779576711673709,0.4263914573888422,Arizona
4,-0.3031687467526218,2020,arizona,2020,1,0.22279207599303402,3.7908584083517884,0,-0.08037667075958776,Arizona
5,0.6843607997812318,1994,arkansas,1994,0,NA,NA,0.12797515575642915,0.8123359555376609,Arkansas
5,0.4389232350984755,2000,arkansas,2000,0,NA,NA,0,0.4389232350984755,Arkansas
5,0.12220377950141192,2002,arkansas,2002,0,NA,NA,0,0.12220377950141192,Arkansas
5,-0.1253272198831258,2004,arkansas,2004,0,0.6176357728132229,NA,0.26194801005580987,0.7542565629859069,Arkansas
5,0.14960416676958796,2012,arkansas,2012,0,0.3402509596941733,3.8552036199095023,0,0.4898551264637613,Arkansas
5,-0.0037507536338180574,2016,arkansas,2016,1,0.27298850447407763,3.8199023199023197,0,0.2692377508402596,Arkansas
5,-0.3164965658229633,2020,arkansas,2020,1,0.3294362226441538,3.904283875712447,0,0.01293965682119047,Arkansas
6,0.2541655704589647,1994,california,1994,0,NA,NA,0.5889137425444781,0.8430793130034429,California
6,0.319148701235936,1998,california,1998,0,NA,NA,0.8783227817377646,1.1974714829737005,California
6,-0.042007260343254985,2000,california,2000,0,NA,NA,0.5695792727446578,0.5275720124014028,California
6,-0.004440145970053824,2002,california,2002,0,NA,NA,0.40136156006877444,0.3969214140987206,California
6,0.08282441630359033,2004,california,2004,0,0.20883619979501958,NA,0.3511913650601777,0.6428519811587876,California
6,0.0513516949201899,2008,california,2008,0,0.22735575163632782,3.7613974352843877,0.18297365238429425,0.461681098940812,California
6,0.19233925077383768,2012,california,2012,0,0.22117530416708361,3.7801113574909113,0.14458077906174732,0.5580953340026686,California
6,-0.22931131635522342,2016,california,2016,1,0.1151575140374132,3.6341797577217383,0.15796788823413133,0.043814085916321105,California
6,-0.6259291844390468,2020,california,2020,1,0.08608435691437585,3.5017809609184845,0,-0.5398448275246709,California
8,0.029586188732531153,1994,colorado,1994,0,NA,NA,0.6397063930429189,0.66929258177545,Colorado
8,0.6888353415423846,1998,colorado,1998,0,NA,NA,0.27415988273267955,0.9629952242750641,Colorado
8,-0.07386795794604133,2000,colorado,2000,0,NA,NA,0.32551841132134435,0.251650453375303,Colorado
8,0.25307889603125616,2002,colorado,2002,0,NA,NA,0.16275920566067217,0.41583810169192836,Colorado
8,0.22746235752207322,2004,colorado,2004,0,0.2772300957050464,NA,0.18601052075505392,0.6907029739821735,Colorado
8,0.19044605544075918,2008,colorado,2008,0,0.3990587743079592,4.057345732410611,0.18601052075505392,0.7755153505037723,Colorado
8,0.2630148108961191,2012,colorado,2012,0,0.3120263219233451,3.9760156023071493,0.05941687094516991,0.6344580037646341,Colorado
8,-0.06487583194810714,2016,colorado,2016,1,0.277120600816087,3.9248900950000754,0.05941687094516991,0.2716616398131498,Colorado
8,-0.5155761385398675,2020,colorado,2020,1,0.2407406215795483,3.8771024098114726,0,-0.2748355169603192,Colorado
9,0.4796505142084888,1994,connecticut,1994,0,NA,NA,0.12187207697440382,0.6015225911828926,Connecticut
9,0.7034636511461536,1998,connecticut,1998,0,NA,NA,0.24374415394880763,0.9472078050949613,Connecticut
9,0.22564867659488605,2000,connecticut,2000,0,NA,NA,0.14671068769754594,0.372359364292432,Connecticut
9,0.12644510272228657,2002,connecticut,2002,0,NA,NA,0.2640792378555827,0.3905243405778692,Connecticut
9,-0.0338031528838009,2004,connecticut,2004,0,0.26483706927782386,NA,0.14671068769754594,0.3777446040915689,Connecticut
9,-0.20490366377460442,2008,connecticut,2008,0,0.30293268318491057,4.086893459915611,0.17605282523705512,0.2740818446473613,Connecticut
9,0.2925793272963556,2012,connecticut,2012,0,0.3100061566410507,4.04881908454326,0.16773490504666805,0.7703203889840744,Connecticut
9,-0.22568137845281844,2016,connecticut,2016,1,0.2344486291792483,3.9916209238498395,0.3354698100933361,0.34423706081976596,Connecticut
9,-0.6022951270388388,2020,connecticut,2020,1,0.2010870613263971,3.8824026422920346,0,-0.4012080657124417,Connecticut
10,-0.2820865261266504,2000,delaware,2000,0,NA,NA,0.6383934955363527,0.3563069694097023,Delaware
10,1.006796279089906,2002,delaware,2002,0,NA,NA,0.12767869910727053,1.1344749781971766,Delaware
10,-0.07405792038383643,2008,delaware,2008,0,0.38738133987057255,4.072089947089947,0.12767869910727053,0.4410021185940066,Delaware
10,0.2378984289914876,2012,delaware,2012,0,0.3951110144695788,4.34167921686747,0.11113963695126194,0.7441490804123283,Delaware
10,-0.494521497885238,2016,delaware,2016,1,0.25692239805768446,3.7985576923076922,0.11113963695126194,-0.12645946287629162,Delaware
10,-0.8318341741701206,2020,delaware,2020,1,0.3177544489826222,3.8931598062953996,0,-0.5140797251874984,Delaware
11,-1.174811301977778,1998,district of columbia,1998,0,NA,NA,0.16397044596681895,-1.010840856010959,District of Columbia
11,-0.08857154404031176,2000,district of columbia,2000,0,NA,NA,0.1749007001275026,0.08632915608719086,District of Columbia
11,0.6964420625363442,2002,district of columbia,2002,0,NA,NA,0,0.6964420625363442,District of Columbia
11,0.40434397636828623,2004,district of columbia,2004,0,0.15151687249601636,NA,0.3498014002550052,0.9056622491193078,District of Columbia
11,0.49579849620423777,2008,district of columbia,2008,0,0.291156362710228,4.139055513142109,0.1749007001275026,0.9618555590419684,District of Columbia
11,-0.58148706444891,2012,district of columbia,2012,0,0.1998803939272472,4.067245254745254,0.4963165043435966,0.11470983382193384,District of Columbia
11,-0.6245193717861686,2016,district of columbia,2016,1,0.12315116109115025,3.8983151983151982,0.3308776695623977,-0.17049054113262058,District of Columbia
11,-0.8495850182321231,2020,district of columbia,2020,1,0.12960437798308042,3.8110770076503737,0,-0.7199806402490426,District of Columbia
12,0.5208535862591046,1994,florida,1994,0,NA,NA,0.01547639876272382,0.5363299850218284,Florida
12,0.7486024350663548,1998,florida,1998,0,NA,NA,0.03095279752544764,0.7795552325918025,Florida
12,0.12341784825135693,2000,florida,2000,0,NA,NA,0.00625512529328718,0.1296729735446441,Florida
12,0.15618437350093187,2002,florida,2002,0,NA,NA,0.01876537587986155,0.1749497493807934,Florida
12,0.4492996974425889,2004,florida,2004,0,0.2763579258389717,NA,0.03753075175972312,0.7631883750412837,Florida
12,0.27839778206135807,2008,florida,2008,0,0.39576408919125605,4.036997817067353,0.01251025058657437,0.6866721218391885,Florida
12,0.29067638233073506,2012,florida,2012,0,0.3584133597192688,4.053099463590135,0.01061383749344462,0.6597035795434485,Florida
12,-0.029125545282722556,2016,florida,2016,1,0.2936190749143067,3.9217624992436924,0,0.2644935296315842,Florida
12,-0.3538159233888117,2020,florida,2020,1,0.23894399231569846,3.754317659978037,0,-0.11487193107311322,Florida
13,0.22779383739628167,1994,georgia,1994,0,NA,NA,0.04639637069029912,0.2741902080865808,Georgia
13,0.6438865356689856,1998,georgia,1998,0,NA,NA,0.01546545689676637,0.6593519925657519,Georgia
13,0.08373411009816213,2000,georgia,2000,0,NA,NA,0.02443139889181617,0.1081655089899783,Georgia
13,-0.020415323934431625,2002,georgia,2002,0,NA,NA,0,-0.020415323934431625,Georgia
13,-0.44712194481160317,2004,georgia,2004,0,0.3723885978756265,NA,0,-0.07473334693597666,Georgia
13,0.137632833907249,2008,georgia,2008,0,0.39405218959144783,4.036433314260622,0,0.5316850234986968,Georgia
13,0.3652205357360797,2012,georgia,2012,0,0.33334710702757986,3.9375,0.02059183614005208,0.7191594789037117,Georgia
13,-0.02761463410905391,2016,georgia,2016,1,0.2891537466864872,3.826651330923431,0.02059183614005208,0.28213094871748534,Georgia
13,-0.33960088069651806,2020,georgia,2020,1,0.2594830411202754,3.7649548470836867,0,-0.08011783957624263,Georgia
15,0.10616051340506016,2012,hawaii,2012,0,0.14257520863782902,3.2226230899830224,0,0.24873572204288918,Hawaii
15,0.059668234689977756,2016,hawaii,2016,1,0.09315630739108471,3.273317352019178,0,0.15282454208106247,Hawaii
15,-0.43110219039832376,2020,hawaii,2020,1,0.011870514769924002,3.1543935643564356,0,-0.41923167562839975,Hawaii
16,0.287504741901063,2000,idaho,2000,0,NA,NA,0.0772787971709778,0.3647835390720408,Idaho
16,-0.15551068878715854,2002,idaho,2002,0,NA,NA,0.2318363915129334,0.07632570272577485,Idaho
16,-0.003550136816394933,2012,idaho,2012,0,0.4110390904467446,4.16905737704918,0.12727099175920328,0.534759945389553,Idaho
16,-0.1157354070104664,2016,idaho,2016,1,0.29996099500051027,4.074190177638453,0,0.18422558799004385,Idaho
16,-0.4740225996391075,2020,idaho,2020,1,0.300319238963091,3.9697989342416085,0,-0.1737033606760165,Idaho
17,0.49711492465380475,1994,illinois,1994,0,NA,NA,0.07899035580415867,0.5761052804579634,Illinois
17,-0.018065109448021886,1998,illinois,1998,0,NA,NA,0.16675741780877945,0.14869230836075756,Illinois
17,0.07981952527740493,2000,illinois,2000,0,NA,NA,0.10469357398896206,0.184513099266367,Illinois
17,0.08569151873040463,2002,illinois,2002,0,NA,NA,0.08858687029835252,0.17427838902875714,Illinois
17,0.10515207953614668,2004,illinois,2004,0,0.3085330579327548,NA,0.05637346291713342,0.4700586003860349,Illinois
17,-0.46590687345654896,2008,illinois,2008,0,0.32350652675630515,3.9370245492291165,0.048320111071828646,-0.09408023562841517,Illinois
17,0.19897037855308827,2012,illinois,2012,0,0.3374644919568935,4.049141564716768,0.03893121057533633,0.5753660810853181,Illinois
17,-0.10060568713116418,2016,illinois,2016,1,0.20735038662487784,3.838606031121871,0.02335872634520179,0.13010342583891546,Illinois
17,-0.5601410315355151,2020,illinois,2020,1,0.23859598519604658,3.7952217478668917,0,-0.3215450463394685,Illinois
18,0.6343052332121905,1994,indiana,1994,0,NA,NA,0,0.6343052332121905,Indiana
18,0.8620995419603589,1998,indiana,1998,0,NA,NA,0.07209377814473508,0.9341933201050939,Indiana
18,0.12098961580591674,2000,indiana,2000,0,NA,NA,0.03288650980568841,0.15387612561160516,Indiana
18,0.1203597259271186,2002,indiana,2002,0,NA,NA,0.08221627451422103,0.20257600044133964,Indiana
18,0.19987531605064565,2004,indiana,2004,0,0.3342304119583508,NA,0.04932976470853261,0.583435492717529,Indiana
18,0.22178267251324998,2008,indiana,2008,0,0.425305243588739,4.178821178821179,0.08221627451422103,0.72930419061621,Indiana
18,0.47060696813789205,2012,indiana,2012,0,0.45308487992044455,4.2334827088062745,0.0770342313932673,1.0007260794516037,Indiana
18,0.14412290651874582,2016,indiana,2016,1,0.31460155151764446,4.009000519260726,0.06162738511461384,0.5203518431510041,Indiana
18,-0.4077109441499433,2020,indiana,2020,1,0.3151686185050553,3.929259218970956,0,-0.09254232564488801,Indiana
19,0.21841970112644665,1994,iowa,1994,0,NA,NA,0.14457876615035178,0.3629984672767984,Iowa
19,0.5071192289088994,1998,iowa,1998,0,NA,NA,0.10843407461276384,0.6155533035216633,Iowa
19,-0.05597131120905528,2000,iowa,2000,0,NA,NA,0.06841477827625546,0.012443467067200176,Iowa
19,-0.11223689824374247,2002,iowa,2002,0,NA,NA,0.03420738913812773,-0.07802950910561474,Iowa
19,0.006360333964307105,2004,iowa,2004,0,0.4412993181434279,NA,0,0.447659652107735,Iowa
19,0.3157973343052638,2012,iowa,2012,0,0.3763852069962903,4.268681318681319,0.06557628604113666,0.7577588273426907,Iowa
19,-0.09364269136961846,2016,iowa,2016,1,0.3550546399854607,4.142364666530138,0.098364429061705,0.3597763776775473,Iowa
19,-0.3592385206253874,2020,iowa,2020,1,0.295523816584514,3.929189146302761,0,-0.06371470404087343,Iowa
20,0.008984652707223196,1994,kansas,1994,0,NA,NA,0,0.008984652707223196,Kansas
20,-0.07727012999214296,2000,kansas,2000,0,NA,NA,0.26050291949343346,0.18323278950129052,Kansas
20,-0.014142704776335493,2002,kansas,2002,0,NA,NA,0.14885881113910485,0.13471610636276934,Kansas
20,0.20665616447954693,2008,kansas,2008,0,0.39611796749348577,4.079179646936656,0.14885881113910485,0.7516329431121376,Kansas
20,0.30711704197234685,2012,kansas,2012,0,0.4163287320990595,4.222244094488189,0.13990078935522873,0.8633465634266351,Kansas
20,-0.013313559738368648,2016,kansas,2016,1,0.32523573158301106,4.095073891625615,0.06995039467761437,0.38187256652225676,Kansas
20,-0.3410678704490467,2020,kansas,2020,1,0.2992212171385577,3.9213633127669674,0,-0.04184665331048898,Kansas
21,-0.2003903426515216,2000,kentucky,2000,0,NA,NA,0.07424169532396106,-0.12614864732756054,Kentucky
21,-0.5723589992561582,2002,kentucky,2002,0,NA,NA,0.07424169532396105,-0.4981173039321971,Kentucky
21,0.2376354642150923,2012,kentucky,2012,0,0.4190222830413661,4.006961302299015,0.18406604657883344,0.8407237938352918,Kentucky
21,0.09083361523960348,2016,kentucky,2016,1,0.32710178311776406,4.037774400540358,0.1840660465788334,0.602001444936201,Kentucky
21,-0.30153735916238184,2020,kentucky,2020,1,0.3205740796453336,3.9426688621026926,0,0.01903672048295174,Kentucky
22,0.172314448242853,1994,louisiana,1994,0,NA,NA,0,0.172314448242853,Louisiana
22,0.4091888725090545,2000,louisiana,2000,0,NA,NA,0,0.4091888725090545,Louisiana
22,0.24090814244092032,2002,louisiana,2002,0,NA,NA,0,0.24090814244092032,Louisiana
22,0.2709948500741728,2004,louisiana,2004,0,0.4343256943003163,NA,0,0.7053205443744891,Louisiana
22,0.12297961505339178,2008,louisiana,2008,0,0.4116157827513586,4.066455194290246,0,0.5345953978047504,Louisiana
22,-0.07682841152206898,2012,louisiana,2012,0,0.46013355825580304,4.1290760869565215,0,0.38330514673373406,Louisiana
22,-0.04411931545084737,2016,louisiana,2016,1,0.25969651525793835,3.9758858267716537,0,0.21557719980709097,Louisiana
22,-0.3851634469186478,2020,louisiana,2020,1,0.3032550074149304,3.833173919974494,0,-0.0819084395037174,Louisiana
23,0.614289475801578,2000,maine,2000,0,NA,NA,0.23522825373601275,0.8495177295375907,Maine
23,1.0250524094754097,2002,maine,2002,0,NA,NA,0.23522825373601275,1.2602806632114225,Maine
23,0.06909503656176502,2012,maine,2012,0,0.3507076020448698,4.310881965774462,0,0.4198026386066348,Maine
23,0.4295706292646186,2016,maine,2016,1,0.2517467085930165,3.770903010033445,0.07532576510262759,0.7566431029602627,Maine
23,-0.6531300409887784,2020,maine,2020,1,0.25310977050487093,3.9502515104294815,0,-0.4000202704839074,Maine
24,0.24138116542709945,1994,maryland,1994,0,NA,NA,0.3555893202721889,0.5969704856992883,Maryland
24,-0.2112933094095307,1998,maryland,1998,0,NA,NA,0.4183403767908106,0.2070470673812799,Maryland
24,-0.0571709997772456,2000,maryland,2000,0,NA,NA,0.13208456808817967,0.07491356831093407,Maryland
24,0.4216392577861318,2002,maryland,2002,0,NA,NA,0.20756146413856802,0.6292007219246998,Maryland
24,-0.21271323066173653,2004,maryland,2004,0,0.23768946797154433,NA,0.03773844802519419,0.06271468533500199,Maryland
24,0.021941308610152744,2012,maryland,2012,0,0.2768737543037526,3.8837156063314873,0.0172831508981535,0.3160982138120588,Maryland
24,0.04147985901518312,2016,maryland,2016,1,0.2174708614493983,3.7405244531515374,0.03456630179630701,0.29351702226088844,Maryland
24,-0.5708744348072271,2020,maryland,2020,1,0.20451093107123847,3.7543134102002407,0,-0.36636350373598864,Maryland
25,0.4411029416039625,1994,massachusetts,1994,0,NA,NA,0.43218817872244514,0.8732911203264077,Massachusetts
25,0.39407490302644044,1998,massachusetts,1998,0,NA,NA,0.6981501348593343,1.0922250378857747,Massachusetts
25,-0.23489442908012342,2000,massachusetts,2000,0,NA,NA,0.9128899909324841,0.6779955618523608,Massachusetts
25,0.1451959791886981,2002,massachusetts,2002,0,NA,NA,0.9443689561370525,1.0895649353257506,Massachusetts
25,-0.07672107343919542,2004,massachusetts,2004,0,0.26187976396344825,NA,0.6295793040913683,0.8147379946156211,Massachusetts
25,-0.20748533877861505,2008,massachusetts,2008,0,0.29318774387431035,4.06009308287107,0.4407055128639578,0.5264079179596531,Massachusetts
25,0.20949870261044592,2012,massachusetts,2012,0,0.2579127981731845,4.0645429760367335,0.28975543726078024,0.7571669380444106,Massachusetts
25,-0.3542063190831886,2016,massachusetts,2016,1,0.17140986552295728,3.9137983454478276,0.28975543726078024,0.1069589837005489,Massachusetts
25,-0.7098049900474106,2020,massachusetts,2020,1,0.19133631084811734,3.8059097301337106,0,-0.5184686791992933,Massachusetts
26,0.39808257627739047,1994,michigan,1994,0,NA,NA,0.21540559257540004,0.6134881688527904,Michigan
26,0.620374852596746,1998,michigan,1998,0,NA,NA,0.09693251665893002,0.717307369255676,Michigan
26,0.03044828377851331,2000,michigan,2000,0,NA,NA,0.16103527970972586,0.19148356348823917,Michigan
26,-0.05631904702592208,2002,michigan,2002,0,NA,NA,0.10064704981857865,0.04432800279265657,Michigan
26,0.4010021762299229,2004,michigan,2004,0,0.36710367896945284,NA,0.1207764597822944,0.8888823149816701,Michigan
26,-0.059682018412725406,2008,michigan,2008,0,0.3966677254024965,4.101852066633308,0.10064704981857865,0.43763275680834973,Michigan
26,0.23822726009556774,2012,michigan,2012,0,0.3713782876511814,3.988842953911694,0.20247886778676627,0.8120844155335154,Michigan
26,0.0015052616081621928,2016,michigan,2016,1,0.30478216295606814,3.935123146597183,0.09111549050404481,0.39740291506827513,Michigan
26,-0.4043331127080574,2020,michigan,2020,1,0.29757358469519823,3.891009426551453,0,-0.10675952801285915,Michigan
27,0.29972230608213085,1994,minnesota,1994,0,NA,NA,0.4351243356338433,0.7348466417159741,Minnesota
27,0.666015178560505,1998,minnesota,1998,0,NA,NA,0.5725320205708464,1.2385471991313515,Minnesota
27,0.0185890435241206,2000,minnesota,2000,0,NA,NA,0.4478783594948583,0.46646740301897893,Minnesota
27,0.08519977111059311,2002,minnesota,2002,0,NA,NA,0.5700270029934561,0.6552267741040492,Minnesota
27,0.06936340520959833,2004,minnesota,2004,0,0.3819522932864625,NA,0.6107432174929887,1.0620589159890494,Minnesota
27,0.0539723220097005,2008,minnesota,2008,0,0.39542271378542515,3.8756164924048138,0.28501350149672805,0.7344085372918536,Minnesota
27,0.20217530098110276,2012,minnesota,2012,0,0.3541516173044268,3.9660240889054448,0.07532128293234794,0.6316482012178775,Minnesota
27,0.10298424356563118,2016,minnesota,2016,1,0.31081591456208035,3.866796168416742,0.2071335280639568,0.6209336861916683,Minnesota
27,-0.45357443941998776,2020,minnesota,2020,1,0.27077382645153614,3.82656717921781,0,-0.18280061296845163,Minnesota
28,-0.3989257605938735,2000,mississippi,2000,0,NA,NA,0,-0.3989257605938735,Mississippi
28,-0.3380719926421948,2002,mississippi,2002,0,NA,NA,0,-0.3380719926421948,Mississippi
28,0.16390397766143108,2008,mississippi,2008,0,0.40041461129896444,4.012820512820513,0,0.5643185889603956,Mississippi
28,0.038068349897023845,2012,mississippi,2012,0,0.3924501679061974,4.222222222222221,0.0336696255533603,0.46418814335658154,Mississippi
28,-0.3349972759456888,2016,mississippi,2016,1,0.4233545215270106,3.9258684863523574,0,0.0883572455813218,Mississippi
28,-0.426760724823623,2020,mississippi,2020,1,0.3728467334708999,3.9971930243669376,0,-0.05391399135272307,Mississippi
29,0.43643050856098964,1994,missouri,1994,0,NA,NA,0.15680368237767697,0.5932341909386666,Missouri
29,0.9645789775734291,1998,missouri,1998,0,NA,NA,0.11760276178325771,1.0821817393566868,Missouri
29,-0.09023119225717584,2000,missouri,2000,0,NA,NA,0.03574307165234858,-0.05448812060482726,Missouri
29,-0.11960696569566807,2002,missouri,2002,0,NA,NA,0.01787153582617429,-0.10173542986949378,Missouri
29,-0.09337578887860219,2004,missouri,2004,0,0.32795897129806817,NA,0.01787153582617429,0.25245471824564025,Missouri
29,0.2748976782763567,2012,missouri,2012,0,0.3597317797384969,4.195176618253541,0,0.6346294580148536,Missouri
29,0.014201491605293881,2016,missouri,2016,1,0.3156157742303647,3.946298562731438,0.0333542853836018,0.36317155121926037,Missouri
29,-0.42057633526107496,2020,missouri,2020,1,0.30830435967912984,3.9433079056865465,0,-0.11227197558194513,Missouri
30,0.6964420625363442,2000,montana,2000,0,NA,NA,0.11077386622947914,0.8072159287658234,Montana
30,0.051286289608633386,2012,montana,2012,0,0.45153582825287986,4.23494983277592,0,0.5028221178615132,Montana
30,0.35123523342863927,2016,montana,2016,1,0.28417727951990607,4.112929623567921,0,0.6354125129485453,Montana
30,-0.26180193680942404,2020,montana,2020,1,0.31278434362244056,4.004761904761905,0,0.05098240681301652,Montana
31,0.5089466693879288,1994,nebraska,1994,0,NA,NA,0,0.5089466693879288,Nebraska
31,-0.49020641252139174,2000,nebraska,2000,0,NA,NA,0.1754587075477657,-0.31474770497362603,Nebraska
31,-0.7640483683039463,2002,nebraska,2002,0,NA,NA,0.23394494339702096,-0.5301034249069253,Nebraska
31,0.4343651685577811,2012,nebraska,2012,0,0.3969344014498817,4.031167108753316,0.16389600470709326,0.9951955747147561,Nebraska
31,0.12015688003394641,2016,nebraska,2016,1,0.30811121716182915,4.009722222222223,0.05463200156903108,0.48290009876480666,Nebraska
31,-0.391490536582323,2020,nebraska,2020,1,0.269603929735872,3.807849829351536,0,-0.12188660684645103,Nebraska
32,0.3751341677514805,2000,nevada,2000,0,NA,NA,0.3999388093621675,0.775072977113648,Nevada
32,0.04443740591121463,2002,nevada,2002,0,NA,NA,0.24996175585135472,0.29439916176256936,Nevada
32,0.13603775044456193,2008,nevada,2008,0,0.34967974959858605,3.946621830550402,0.1999694046810838,0.6856869047242318,Nevada
32,0.436231350774966,2012,nevada,2012,0,0.27290225227234954,3.746981023576768,0.03697347005629581,0.7461070731036114,Nevada
32,-0.06438217127951952,2016,nevada,2016,1,0.19890992593591528,3.784507678410117,0.07394694011259162,0.2084746947689874,Nevada
32,-0.5217718508653593,2020,nevada,2020,1,0.15424677196614622,3.5650421626984126,0,-0.36752507889921304,Nevada
33,0.31610601283835205,1994,new hampshire,1994,0,NA,NA,0,0.31610601283835205,New Hampshire
33,0.5747345266329869,1998,new hampshire,1998,0,NA,NA,0.09055985916130704,0.6652943857942939,New Hampshire
33,-0.05388489630785492,2000,new hampshire,2000,0,NA,NA,0.08098372551052141,0.027098829202666493,New Hampshire
33,-0.3792653124864082,2002,new hampshire,2002,0,NA,NA,0.24295117653156423,-0.13631413595484398,New Hampshire
33,-0.23658663193508744,2004,new hampshire,2004,0,0.36328662222944363,NA,0.24295117653156423,0.3696511668259204,New Hampshire
33,0.025529270869085893,2012,new hampshire,2012,0,0.37911940902030894,4.055555555555555,0.22783212417762097,0.6324808040670158,New Hampshire
33,-0.2824708657137136,2016,new hampshire,2016,1,0.2831071420482948,4.106217975349674,0.07594404139254032,0.07658031772712151,New Hampshire
33,-0.7446238455737705,2020,new hampshire,2020,1,0.27450193356489505,3.904251020325696,0,-0.47012191200887543,New Hampshire
34,0.2514488843896933,1994,new jersey,1994,0,NA,NA,0.6754125666742608,0.9268614510639541,New Jersey
34,0.8160511926482648,1998,new jersey,1998,0,NA,NA,0.37667239295295313,1.192723585601218,New Jersey
34,0.20530868818918827,2000,new jersey,2000,0,NA,NA,0.2970266562414271,0.5023353444306153,New Jersey
34,0.09721142988275451,2002,new jersey,2002,0,NA,NA,0.22574025874348458,0.3229516886262391,New Jersey
34,0.09649152583051576,2004,new jersey,2004,0,0.22128906776281226,NA,0.30890772249108417,0.6266883160844121,New Jersey
34,0.31131708588215473,2008,new jersey,2008,0,0.27644916780561823,4.005344212954397,0.20197812624417041,0.7897443799319434,New Jersey
34,0.15076468061720966,2012,new jersey,2012,0,0.2801384623558332,3.909139162323876,0.2158692532196331,0.6467723961926759,New Jersey
34,-0.19768960776651012,2016,new jersey,2016,1,0.18747425137909762,3.845457150762906,0.19314617393335592,0.18293081754594342,New Jersey
34,-0.5194627928993851,2020,new jersey,2020,1,0.17317650270259893,3.764123131770191,0,-0.3462862901967862,New Jersey
35,0.46409131217538907,1998,new mexico,1998,0,NA,NA,0,0.46409131217538907,New Mexico
35,-0.43543802136488086,2000,new mexico,2000,0,NA,NA,0,-0.43543802136488086,New Mexico
35,-0.17985219596783003,2002,new mexico,2002,0,NA,NA,0.05498689937122481,-0.12486529659660522,New Mexico
35,0.0608054394785747,2008,new mexico,2008,0,0.34470027963684746,4.147192469977281,0,0.40550571911542216,New Mexico
35,0.2009022233848302,2012,new mexico,2012,0,0.2993083195110585,3.7736363636363635,0.04840430372345265,0.5486148466193413,New Mexico
35,-0.21778932545185214,2016,new mexico,2016,1,0.2669705614484331,3.9146359048305697,0,0.049181235996580974,New Mexico
35,-0.4037940620300079,2020,new mexico,2020,1,0.28848485368883714,3.870282564744392,0,-0.11530920834117075,New Mexico
36,0.13354470898331575,1994,new york,1994,0,NA,NA,0,0.13354470898331575,New York
36,0.39183134767709843,1998,new york,1998,0,NA,NA,0,0.39183134767709843,New York
36,-0.06233563260514461,2000,new york,2000,0,NA,NA,0,-0.06233563260514461,New York
36,0.02446109302738087,2002,new york,2002,0,NA,NA,0.08958655855922891,0.11404765158660979,New York
36,-0.09251996293764171,2004,new york,2004,0,0.18813795206508277,NA,0.05269797562307583,0.1483159647505169,New York
36,-0.05232644615299483,2008,new york,2008,0,0.2421190081565875,3.8516544020287444,0.036888582936153075,0.22668114493974573,New York
36,0.12706841725494833,2012,new york,2012,0,0.21659773218323664,3.887915208090237,0.11344718927627037,0.45711333871445536,New York
36,-0.16487941859892824,2016,new york,2016,1,0.13593338500588448,3.7845440232072853,0.11344718927627036,0.0845011556832266,New York
36,-0.5888859920888885,2020,new york,2020,1,0.13707176654193653,3.7084969485537913,0,-0.45181422554695194,New York
37,0.3084992918443922,1994,north carolina,1994,0,NA,NA,0.01512356405540185,0.323622855899794,North Carolina
37,-0.049836797831069396,2000,north carolina,2000,0,NA,NA,0.01242585646768935,-0.037410941363380044,North Carolina
37,-0.1861474133421417,2002,north carolina,2002,0,NA,NA,0,-0.1861474133421417,North Carolina
37,0.07842991945538756,2008,north carolina,2008,0,0.38644505882729685,3.93833617232691,0.01242585646768935,0.47730083475037377,North Carolina
37,0.09812183932608623,2012,north carolina,2012,0,0.32799395507602536,4.104159553886423,0.02091709321849012,0.44703288762060167,North Carolina
37,-0.053003931876461484,2016,north carolina,2016,1,0.2556665954404513,3.864483243850442,0.03137563982773519,0.234038303391725,North Carolina
37,-0.4113933618327541,2020,north carolina,2020,1,0.291467845635595,3.8934474222525273,0,-0.11992551619715908,North Carolina
38,0.2290851246674514,2000,north dakota,2000,0,NA,NA,0,0.2290851246674514,North Dakota
38,0.19135578853741061,2002,north dakota,2002,0,NA,NA,0,0.19135578853741061,North Dakota
38,0.24537521024220849,2008,north dakota,2008,0,0.5556024365939687,4.471861471861471,0,0.8009776468361771,North Dakota
38,0.5844711295052555,2012,north dakota,2012,0,0.36812340360254847,4.335135135135135,0.2965163773408115,1.2491109104486156,North Dakota
38,0.17066550743383974,2016,north dakota,2016,1,0.35669063849097915,3.9578544061302683,0,0.5273561459248188,North Dakota
38,0.17709166532953705,2020,north dakota,2020,1,0.30576638227884373,4.072608322608323,0,0.4828580476083808,North Dakota
39,0.3506446378920076,1994,ohio,1994,0,NA,NA,0.1292432879344744,0.479887925826482,Ohio
39,0.6136526340439443,1998,ohio,1998,0,NA,NA,0.04615831711945513,0.6598109511633995,Ohio
39,0.1938733005814389,2000,ohio,2000,0,NA,NA,0.16734881861863063,0.3612221192000695,Ohio
39,0.2554424129115222,2002,ohio,2002,0,NA,NA,0.03523133023550118,0.2906737431470234,Ohio
39,-0.019806786254914836,2004,ohio,2004,0,0.3382036386939472,NA,0.07046266047100236,0.38885951291003473,Ohio
39,0.37135407487165856,2008,ohio,2008,0,0.4435404225870867,4.118594613875512,0.04403916279437648,0.8589336602531217,Ohio
39,0.43036838642372766,2012,ohio,2012,0,0.4431772411751703,4.201952189832419,0.1213573086832368,0.9949029362821348,Ohio
39,-0.028198595983559938,2016,ohio,2016,1,0.32029502819153144,3.993412958960347,0.03467351676663908,0.3267699489746106,Ohio
39,-0.38506896682726194,2020,ohio,2020,1,0.3142524588435792,3.950503461321018,0,-0.07081650798368272,Ohio
40,0.4706137296676644,2000,oklahoma,2000,0,NA,NA,0.08695505988594975,0.5575687895536141,Oklahoma
40,0.20212222440578445,2002,oklahoma,2002,0,NA,NA,0.08695505988594976,0.2890772842917342,Oklahoma
40,-0.07416948562508117,2008,oklahoma,2008,0,0.42885698321078447,4.200460829493087,0.02898501996198325,0.38367251754768655,Oklahoma
40,0.3927817604574672,2012,oklahoma,2012,0,0.3907445202614247,4.117588932806324,0.05316742261880393,0.8366937033376958,Oklahoma
40,-0.27212863682546656,2016,oklahoma,2016,1,0.2912998993072784,4.056757434012696,0,0.019171262481811835,Oklahoma
40,-0.24156761019139097,2020,oklahoma,2020,1,0.27243807219728855,3.9129078849981678,0,0.030870462005897575,Oklahoma
41,-0.07183675785360015,1994,oregon,1994,0,NA,NA,0.9531141947297022,0.881277436876102,Oregon
41,0.02324725457089802,1998,oregon,1998,0,NA,NA,0.38830578303802676,0.4115530376089248,Oregon
41,0.08912145837859013,2000,oregon,2000,0,NA,NA,0.4963607994095059,0.585482257788096,Oregon
41,0.2859938897312282,2002,oregon,2002,0,NA,NA,0.23358155266329686,0.519575442394525,Oregon
41,-0.263268668652362,2004,oregon,2004,0,0.2731713053465539,NA,0.14598847041456053,0.15589110710875248,Oregon
41,0.012986633141267627,2008,oregon,2008,0,0.3593786295974933,3.9233949054074184,0.08759308224873633,0.4599583449874972,Oregon
41,0.3336318980084355,2012,oregon,2012,0,0.3199420653340779,3.966521631431003,0,0.6535739633425134,Oregon
41,-0.5046453520081082,2016,oregon,2016,1,0.23460126304005924,3.926479468599034,0.10419496753936028,-0.16584912142868868,Oregon
41,-0.7971085607838765,2020,oregon,2020,1,0.21579126566848716,3.7850621258614616,0,-0.5813172951153893,Oregon
42,0.5279239359009262,1994,pennsylvania,1994,0,NA,NA,0.2783999595054605,0.8063238954063867,Pennsylvania
42,0.48524369140992984,1998,pennsylvania,1998,0,NA,NA,0.16872724818512752,0.6539709395950574,Pennsylvania
42,0.12947218758962648,2000,pennsylvania,2000,0,NA,NA,0.13033960636135483,0.2598117939509813,Pennsylvania
42,0.24815263862564407,2002,pennsylvania,2002,0,NA,NA,0.04887735238550804,0.29702999101115213,Pennsylvania
42,0.03602654584075038,2004,pennsylvania,2004,0,0.3266432883027258,NA,0.02443867619275402,0.3871085103362302,Pennsylvania
42,-0.11372443479367234,2008,pennsylvania,2008,0,0.3714776725091593,4.0885620194321035,0.032584901590338694,0.29033813930582564,Pennsylvania
42,0.23183716820317654,2012,pennsylvania,2012,0,0.3245732953146655,4.047993968544816,0.03934024829991116,0.5957507118177532,Pennsylvania
42,0.03485668461202425,2016,pennsylvania,2016,1,0.2509586197008901,3.9628910789309018,0.03934024829991117,0.3251555526128255,Pennsylvania
42,-0.3961542867609768,2020,pennsylvania,2020,1,0.26941773101144606,3.9216482274565783,0,-0.12673655574953074,Pennsylvania
44,0.15606060312543657,2000,rhode island,2000,0,NA,NA,0.5722662602304516,0.7283268633558881,Rhode Island
44,0.78772271446386255,2002,rhode island,2002,0,NA,NA,0.476888550192043,1.2646112646559056,Rhode Island
44,-0.2313344836549502,2008,rhode island,2008,0,0.25635378632762745,3.919005102040816,0,0.02501930267267724,Rhode Island
44,0.3628112797412655,2012,rhode island,2012,0,0.2855278489316249,3.9972413793103447,0,0.6483391286728903,Rhode Island
44,-0.24557426535564308,2016,rhode island,2016,1,0.2401780174693262,4.005230530802015,0,-0.005396247886316874,Rhode Island
44,-0.5295400752610677,2020,rhode island,2020,1,0.2259409690472075,3.859638972460079,0,-0.3035991062138602,Rhode Island
45,-0.05697439529617101,2000,south carolina,2000,0,NA,NA,0,-0.05697439529617101,South Carolina
45,6.806489554836734e-4,2002,south carolina,2002,0,NA,NA,0.07474504465268968,0.07542569360817335,South Carolina
45,0.11228998713352648,2008,south carolina,2008,0,0.45647327214185407,4.351074743527112,0.04983002976845978,0.6185932890438404,South Carolina
45,0.06554723783730944,2012,south carolina,2012,0,0.4685774544227001,4.2601284584980235,0.04313773533791514,0.5772624275979247,South Carolina
45,-0.052262129162476786,2016,south carolina,2016,1,0.3949945786839537,4.152762196158423,0.02156886766895757,0.3643013171904345,South Carolina
45,-0.38265632675032185,2020,south carolina,2020,1,0.3418651673134289,3.944090920553795,0,-0.04079115943689293,South Carolina
46,-0.7184080423401872,1994,south dakota,1994,0,NA,NA,0,-0.7184080423401872,South Dakota
46,-0.5729675369356748,2000,south dakota,2000,0,NA,NA,0,-0.5729675369356748,South Dakota
46,0.2948071940552644,2002,south dakota,2002,0,NA,NA,0,0.2948071940552644,South Dakota
46,0.5271579444162198,2012,south dakota,2012,0,0.4864248759437142,4.643962848297214,0,1.013582820359934,South Dakota
46,0.26632763065387877,2016,south dakota,2016,1,0.31977263259790795,4.314285714285715,0,0.5861002632517867,South Dakota
46,-0.350132103018073,2020,south dakota,2020,1,0.3104788655926953,3.916114333057166,0,-0.03965323742537774,South Dakota
47,0.5869052802233227,1994,tennessee,1994,0,NA,NA,0,0.5869052802233227,Tennessee
47,0.48213096670651917,1998,tennessee,1998,0,NA,NA,0.08228019822122554,0.5644111649277447,Tennessee
47,0.16823135671577258,2000,tennessee,2000,0,NA,NA,0.17579836630578188,0.34402972302155443,Tennessee
47,0.030701841144978582,2002,tennessee,2002,0,NA,NA,0.12305885641404735,0.15376069755902594,Tennessee
47,0.358620667993684,2004,tennessee,2004,0,0.4263010723831131,NA,0.14063869304462553,0.9255604334214226,Tennessee
47,0.4050552541755137,2008,tennessee,2008,0,0.4239208499575464,4.022320399538994,0.07031934652231275,0.8992954506553729,Tennessee
47,0.41008161734658743,2012,tennessee,2012,0,0.3449637808672203,4.1073038284007595,0.0629237818388437,0.8179691800526514,Tennessee
47,0.21525914858882994,2016,tennessee,2016,1,0.30418668092135936,4.002698590647021,0.01573094545971092,0.5351767749699002,Tennessee
47,-0.38632254367799285,2020,tennessee,2020,1,0.3160210857399679,3.886648559260183,0,-0.07030145793802495,Tennessee
48,0.28600053960873634,1994,texas,1994,0,NA,NA,0.15337982472461537,0.4393803643333517,Texas
48,0.6411594141858756,1998,texas,1998,0,NA,NA,0.07079068833443786,0.7119501025203134,Texas
48,-0.15268121067144905,2000,texas,2000,0,NA,NA,0.06715217368468437,-0.08552903698676467,Texas
48,-0.1400505423345698,2002,texas,2002,0,NA,NA,0.08633850902316562,-0.05371203331140417,Texas
48,0.03946043703230951,2004,texas,2004,0,0.28004677020183166,NA,0.04796583834620312,0.3674730455803443,Texas
48,0.17225604153317955,2008,texas,2008,0,0.37017596227287,4.062629110797813,0.02877950300772187,0.5712115068137714,Texas
48,0.26767199646330675,2012,texas,2012,0,0.30203724000466714,3.9533900897226752,0.04355208595883124,0.6132613224268051,Texas
48,0.001998838984669972,2016,texas,2016,1,0.2356970249027967,3.8709550886876016,0.023755683250271577,0.26145154713773827,Texas
48,-0.31240877006744766,2020,texas,2020,1,0.2303287492792559,3.730116029346275,0,-0.08208002078819177,Texas
49,-0.4902064125213918,1994,utah,1994,0,NA,NA,0.4065446722901474,-0.0836617402312444,Utah
49,0.5024706771903683,1998,utah,1998,0,NA,NA,0.17423343098149177,0.6767041081718601,Utah
49,-0.05664672116104651,2000,utah,2000,0,NA,NA,0.17930505841982936,0.12265833725878285,Utah
49,0.7253476023133918,2002,utah,2002,0,NA,NA,0.04482626460495734,0.7701738669183491,Utah
49,-0.3761055976119941,2004,utah,2004,0,0.33771416280757915,NA,0.08965252920991468,0.05126109440549975,Utah
49,0.4168189987983804,2012,utah,2012,0,0.3493925388822713,4.141727493917275,0.10805090926640996,0.8742624469470617,Utah
49,-0.22647554433696238,2016,utah,2016,1,0.24129603118231363,3.99049380143765,0.03601696975546999,0.05083745660082123,Utah
49,-0.5269369531122257,2020,utah,2020,1,0.24056742236640455,3.952967912662208,0,-0.2863695307458211,Utah
50,1.6457608425825332,2000,vermont,2000,0,NA,NA,0,1.6457608425825332,Vermont
50,0.8790033663913808,2002,vermont,2002,0,NA,NA,0.16436906114035968,1.0433724275317404,Vermont
50,0.33340586972747216,2012,vermont,2012,0,0.3312294702742158,4.225274725274725,0,0.664635340001688,Vermont
50,-0.7632369847312572,2016,vermont,2016,1,0.19919115810197954,4.095691955775829,0,-0.5640458266292777,Vermont
50,-1.0205104879595013,2020,vermont,2020,1,0.29808701350414313,3.9516339869281047,0,-0.72242347445535815,Vermont
51,0.2038227330337058,1994,virginia,1994,0,NA,NA,0.04853414741276593,0.25235688044647175,Virginia
51,0.25198206576777465,1998,virginia,1998,0,NA,NA,0.2103146387886524,0.462296704556427,Virginia
51,-0.09703757373556736,2000,virginia,2000,0,NA,NA,0.21184681272233324,0.11480923898676589,Virginia
51,-0.11711281830497249,2002,virginia,2002,0,NA,NA,0.22596993357048878,0.1088571152655163,Virginia
51,-0.06863023238845403,2004,virginia,2004,0,0.2518408850811878,NA,0.38132426290019983,0.5645349155929336,Virginia
51,0.19350356858276396,2008,virginia,2008,0,0.3386321785759714,4.011434056173613,0.07061560424077773,0.6027513513995131,Virginia
51,0.20036912941353216,2012,virginia,2012,0,0.3492744061414329,3.9574868110899093,0.13707819326455084,0.6867217288195159,Virginia
51,0.03544423823362665,2016,virginia,2016,1,0.23263862315680445,3.8683155721966207,0.0747699235988459,0.342852784989277,Virginia
51,-0.5675021796630335,2020,virginia,2020,1,0.23404050377575647,3.7805428154942846,0,-0.33346167588727704,Virginia
53,0.4633503977928605,1994,washington,1994,0,NA,NA,0.8261110574138923,1.289461455206753,Washington
53,0.4352779750770563,1998,washington,1998,0,NA,NA,0.3510971994009043,0.7863751744779606,Washington
53,0.06867956000135275,2000,washington,2000,0,NA,NA,0.5598173299088346,0.6284968899101874,Washington
53,0.13253047951745436,2002,washington,2002,0,NA,NA,0.2544624226858339,0.3869929022032883,Washington
53,0.22397340815951042,2004,washington,2004,0,0.296792769890415,NA,0.3732115532725564,0.8939777313224817,Washington
53,-0.13952996015984795,2008,washington,2008,0,0.31064636356470887,3.878193885902445,0.23749826117344497,0.40861466457830586,Washington
53,0.14162496095305852,2012,washington,2012,0,0.2791387939925417,3.870345258082569,0.29653809565607275,0.717301850601673,Washington
53,-0.4007705906117771,2016,washington,2016,1,0.20637248763037025,3.7869368091352165,0.29653809565607275,0.10213999267466589,Washington
53,-0.6822857183346955,2020,washington,2020,1,0.18659852879868583,3.714148478191021,0,-0.4956871895360097,Washington
54,0.9043591030379136,1994,west virginia,1994,0,NA,NA,0,0.9043591030379136,West Virginia
54,1.1023366947740418,2000,west virginia,2000,0,NA,NA,0.05527812080922746,1.1576148155832693,West Virginia
54,0.6477590481750014,2002,west virginia,2002,0,NA,NA,0,0.6477590481750014,West Virginia
54,0.4061202485139028,2012,west virginia,2012,0,0.5080899239809055,4.193530701754386,0.05393821808623966,0.968148390581048,West Virginia
54,0.01694888958789916,2016,west virginia,2016,1,0.3988192528881135,4.097222222222222,0.05393821808623966,0.4697063605622523,West Virginia
54,-0.16391957308593594,2020,west virginia,2020,1,0.4140013619569379,4.041954022988506,0,0.25008178887100196,West Virginia
55,0.5515836366513699,1994,wisconsin,1994,0,NA,NA,0.10242877052083596,0.6540124071722059,Wisconsin
55,0.40755384544705614,1998,wisconsin,1998,0,NA,NA,0.18437178693750472,0.5919256323845609,Wisconsin
55,0.11679669371661457,2000,wisconsin,2000,0,NA,NA,0.24266489359517748,0.35946158731179206,Wisconsin
55,0.10768185760385227,2002,wisconsin,2002,0,NA,NA,0.11199918165931269,0.21968103926316496,Wisconsin
55,0.31689009023311404,2004,wisconsin,2004,0,0.3744885461979323,NA,0.07466612110620846,0.7660447575372549,Wisconsin
55,-0.04873998683557661,2008,wisconsin,2008,0,0.4401064638186929,4.231985188767104,0.16799877248896902,0.5593652494720853,Wisconsin
55,0.24997661581021724,2012,wisconsin,2012,0,0.37791792652374234,4.070749388062511,0.10542875502521769,0.7333232973591772,Wisconsin
55,-0.09207220409361457,2016,wisconsin,2016,1,0.34506740220118437,3.98007146337502,0.01757145917086961,0.2705666572784394,Wisconsin
55,-0.3403933412538149,2020,wisconsin,2020,1,0.3180369152264467,3.9406533492015097,0,-0.022356426027368148,Wisconsin
56,0.37695978079003084,1994,wyoming,1994,0,NA,NA,0.220658489063062,0.5976182698530929,Wyoming
56,0.28933035493961345,2000,wyoming,2000,0,NA,NA,0.8099641793341689,1.0992945342737823,Wyoming
56,-0.2833036014856839,2002,wyoming,2002,0,NA,NA,0,-0.2833036014856839,Wyoming
56,0.815106910042118,2012,wyoming,2012,0,0.3043173893309521,4.289473684210526,0,1.11942429937307,Wyoming
56,-0.7655088587347866,2016,wyoming,2016,1,0.25893998607648216,4.0131578947368425,0,-0.5065688726583044,Wyoming
56,-0.29532222065614055,2020,wyoming,2020,1,0.3163878407005092,3.9990430622009567,0,0.021065620044368627,Wyoming
1,NA,NA,NA,2006,NA,0.4686517836689176,3.975721784776903,0.02248938107649021,0.4911411647454078,Alabama
1,NA,NA,NA,2010,NA,0.3851972738852768,4.118297101449276,0.02089734014475169,0.4060946140300285,Alabama
1,NA,NA,NA,2014,NA,0.3667032888363189,4.055050505050505,0.02089734014475169,0.3876006289810706,Alabama
1,NA,NA,NA,2018,NA,0.3011766104359546,3.8806409803228465,0,0.3011766104359546,Alabama
2,NA,NA,NA,2004,NA,-0.0021812767786854315,NA,0.15969670401972574,0.1575154272410403,Alaska
2,NA,NA,NA,2006,NA,0.3821024378177389,3.7989130434782608,0,0.3821024378177389,Alaska
2,NA,NA,NA,2008,NA,0.3689695643645873,4.178737541528239,0.15969670401972574,0.5286662683843131,Alaska
2,NA,NA,NA,2010,NA,0.421275199780927,3.838709677419355,0,0.421275199780927,Alaska
2,NA,NA,NA,2014,NA,0.341412862494334,3.9038461538461537,0,0.341412862494334,Alaska
2,NA,NA,NA,2018,NA,0.1913520606240425,3.6423583131882893,0,0.1913520606240425,Alaska
4,NA,NA,NA,2004,NA,0.283782204271562,NA,0.1558326910104601,0.4396148952820221,Arizona
4,NA,NA,NA,2006,NA,0.4056318747918949,4.092486338797814,0.13635360463415258,0.5419854794260475,Arizona
4,NA,NA,NA,2010,NA,0.3324139429644062,3.9772180930654697,0.20268994503516435,0.5351038879995705,Arizona
4,NA,NA,NA,2014,NA,0.2714613041345687,3.8260846296560582,0.1403238081012676,0.4117851122358363,Arizona
4,NA,NA,NA,2018,NA,0.2222770921312599,3.7425342465753424,0.03118306846694836,0.25346016059820825,Arizona
5,NA,NA,NA,2006,NA,0.4703868972054429,4.292391304347826,0.22452686576212272,0.6949137629675657,Arkansas
5,NA,NA,NA,2008,NA,0.43469074210876546,3.921573478476002,0.03742114429368713,0.4721118864024526,Arkansas
5,NA,NA,NA,2010,NA,0.40793165385772934,4.035189718482252,0.171138750399609,0.5790704042573384,Arkansas
5,NA,NA,NA,2014,NA,0.4117557244397992,4.09067680418796,0,0.4117557244397992,Arkansas
5,NA,NA,NA,2018,NA,0.2783228512764863,3.811,0.03422775007992179,0.3125506013564081,Arkansas
6,NA,NA,NA,2006,NA,0.2633839565393835,3.8158357762559785,0.31282592181830954,0.576209878357693,California
6,NA,NA,NA,2010,NA,0.2432144047906387,3.7963410085141094,0.16600015373756172,0.40921455852820043,California
6,NA,NA,NA,2014,NA,0.18455420425658206,3.771921007411967,0.10174202971011848,0.28629623396670056,California
6,NA,NA,NA,2018,NA,0.08304640566350521,3.506219237428901,0.20616148125471379,0.28920788691821897,California
8,NA,NA,NA,2006,NA,0.38429375979400815,4.072359058565955,0.16275920566067217,0.5470529654546803,Colorado
8,NA,NA,NA,2010,NA,0.3534578851862964,4.119194011529778,0.11883374189033982,0.4722916270766362,Colorado
8,NA,NA,NA,2014,NA,0.30796792487188285,3.9837525265697336,0.09902811824194986,0.4069960431138327,Colorado
8,NA,NA,NA,2018,NA,0.22251867519556626,3.8425186400120435,0.1386393655387298,0.361158040734296,Colorado
9,NA,NA,NA,2006,NA,0.3720479043019603,4.071428571428571,0.17605282523705515,0.5481007295390155,Connecticut
9,NA,NA,NA,2010,NA,0.37015045815473807,4.107573675370285,0.13977908753889004,0.5099295456936281,Connecticut
9,NA,NA,NA,2014,NA,0.3020140978376983,4.121148616221404,0.2795581750777801,0.5815722729154784,Connecticut
9,NA,NA,NA,2018,NA,0.21587418078681847,3.952513966480447,0.11182327003111202,0.3276974508179305,Connecticut
10,NA,NA,NA,2004,NA,0.4578415011481527,NA,0.25535739821454106,0.7131988993626938,Delaware
10,NA,NA,NA,2006,NA,0.4790643442688252,4.277027027027027,0,0.4790643442688252,Delaware
10,NA,NA,NA,2010,NA,0.45347126604972987,3.8824476650563606,0.33341891085378583,0.7868901769035157,Delaware
10,NA,NA,NA,2014,NA,0.273269085822295,4.217006802721088,0,0.273269085822295,Delaware
10,NA,NA,NA,2018,NA,0.2741786505850081,4.016503267973857,0,0.2741786505850081,Delaware
11,NA,NA,NA,2006,NA,0.2576164024759125,3.8,0,0.2576164024759125,District of Columbia
11,NA,NA,NA,2010,NA,0.23510710938412455,4.130107088813875,0.3308776695623977,0.5659847789465222,District of Columbia
11,NA,NA,NA,2014,NA,0.23221701273637502,3.904265873015873,0.16543883478119886,0.3976558475175739,District of Columbia
11,NA,NA,NA,2018,NA,0.12395242639710666,3.8325342465753423,0.4963165043435966,0.6202689307407032,District of Columbia
12,NA,NA,NA,2006,NA,0.41574060901454774,4.08796544933763,0.03753075175972312,0.4532713607742709,Florida
12,NA,NA,NA,2010,NA,0.3780822993388976,4.006649831649832,0.02653459373361156,0.40461689307250914,Florida
12,NA,NA,NA,2014,NA,0.30297761867598283,3.9666121499266556,0.00530691874672231,0.3082845374227051,Florida
12,NA,NA,NA,2018,NA,0.2658752364794886,3.829509161340939,0.03184151248033387,0.2977167489598225,Florida
13,NA,NA,NA,2006,NA,0.41524284873156214,3.9587199139437943,0,0.41524284873156214,Georgia
13,NA,NA,NA,2010,NA,0.39652242519682857,3.9815749558644353,0.01029591807002604,0.4068183432668546,Georgia
13,NA,NA,NA,2014,NA,0.3197653547529157,3.857585335018963,0.03088775421007811,0.3506531089629938,Georgia
13,NA,NA,NA,2018,NA,0.2905917714522343,3.8368460812086873,0.03088775421007811,0.3214795256623124,Georgia
15,NA,NA,NA,2004,NA,0.18438578988623194,NA,0,0.18438578988623194,Hawaii
15,NA,NA,NA,2006,NA,0.1889313606488824,3.6735042735042738,0,0.1889313606488824,Hawaii
15,NA,NA,NA,2008,NA,0.13550023744487097,3.35688164893617,0,0.13550023744487097,Hawaii
15,NA,NA,NA,2010,NA,0.2015598660053485,3.338345864661654,0,0.2015598660053485,Hawaii
15,NA,NA,NA,2014,NA,0.11326226188858698,3.2043442813883063,0,0.11326226188858698,Hawaii
15,NA,NA,NA,2018,NA,-0.005717701517922769,2.9951694291306765,0.5866732765189154,0.5809555750009927,Hawaii
16,NA,NA,NA,2004,NA,0.5582100081599708,NA,0.1545575943419556,0.7127676025019264,Idaho
16,NA,NA,NA,2006,NA,0.39950114230151784,4.371621621621621,0,0.39950114230151784,Idaho
16,NA,NA,NA,2008,NA,0.4323737569267638,4.163157894736842,0,0.4323737569267638,Idaho
16,NA,NA,NA,2010,NA,0.3804722652432332,4.02766106442577,0.12727099175920328,0.5077432570024365,Idaho
16,NA,NA,NA,2014,NA,0.4399589517739626,4.363297431648716,0,0.4399589517739626,Idaho
16,NA,NA,NA,2018,NA,0.3000859645668032,4.071509009009009,0.12727099175920328,0.42735695632600645,Idaho
17,NA,NA,NA,2006,NA,0.37391257532449773,3.949489599383667,0.04026675922652387,0.4141793345510216,Illinois
17,NA,NA,NA,2010,NA,0.37356443670039896,4.071743169609334,0.02335872634520179,0.39692316304560077,Illinois
17,NA,NA,NA,2014,NA,0.2711559650164993,3.985314435019149,0.01557248423013452,0.2867284492466338,Illinois
17,NA,NA,NA,2018,NA,0.20934701846355797,3.768969916733817,0.02335872634520179,0.23270574480875975,Illinois
18,NA,NA,NA,2006,NA,0.4084616363905599,3.9351917613636367,0.04932976470853261,0.4577914010990925,Indiana
18,NA,NA,NA,2010,NA,0.4436125056290867,4.2355978549431885,0.06162738511461384,0.5052398907437006,Indiana
18,NA,NA,NA,2014,NA,0.38356719121666105,4.1483388704318935,0,0.38356719121666105,Indiana
18,NA,NA,NA,2018,NA,0.3127941417848257,4.013098039215686,0.01540684627865346,0.32820098806347914,Indiana
19,NA,NA,NA,2006,NA,0.4347151772969292,3.925,0,0.4347151772969292,Iowa
19,NA,NA,NA,2008,NA,0.43409159409968534,4.205015155690273,0,0.43409159409968534,Iowa
19,NA,NA,NA,2010,NA,0.39152257141883584,4.284938579312801,0.03278814302056833,0.42431071443940416,Iowa
19,NA,NA,NA,2014,NA,0.42151927288157454,4.092408163265306,0.03278814302056833,0.45430741590214285,Iowa
19,NA,NA,NA,2018,NA,0.3160191292844787,4.017148633054825,0.03278814302056833,0.348807272305047,Iowa
20,NA,NA,NA,2004,NA,0.41955508251808343,NA,0.18607351392388105,0.6056285964419645,Kansas
20,NA,NA,NA,2006,NA,0.4114354046314783,4.10982391102873,0.07442940556955242,0.48586481020103073,Kansas
20,NA,NA,NA,2010,NA,0.46142007969645527,4.254545454545454,0.13990078935522873,0.601320869051684,Kansas
20,NA,NA,NA,2014,NA,0.3782295092125893,4.252913752913753,0.03497519733880718,0.41320470655139646,Kansas
20,NA,NA,NA,2018,NA,0.2775604510647808,3.918690187939583,0.03497519733880718,0.31253564840358794,Kansas
21,NA,NA,NA,2004,NA,0.4720464937994625,NA,0.04949446354930736,0.5215409573487698,Kentucky
21,NA,NA,NA,2006,NA,0.501335625338253,4.00019425019425,0.02474723177465368,0.5260828571129067,Kentucky
21,NA,NA,NA,2008,NA,0.45906661981849783,4.106934731934732,0.09898892709861475,0.5580555469171126,Kentucky
21,NA,NA,NA,2010,NA,0.4236391406784081,4.056606990622336,0.13804953493412508,0.5616886756125332,Kentucky
21,NA,NA,NA,2014,NA,0.35812070054934436,4.105268899312752,0.1150412791117709,0.4731619796611153,Kentucky
21,NA,NA,NA,2018,NA,0.32305250295472177,3.9481292517006805,0.04601651164470836,0.36906901459943015,Kentucky
22,NA,NA,NA,2006,NA,0.4091750724210758,4.151666666666667,0,0.4091750724210758,Louisiana
22,NA,NA,NA,2010,NA,0.4054753677902232,4.148952920799873,0,0.4054753677902232,Louisiana
22,NA,NA,NA,2014,NA,0.3667983210156749,3.9988226059654632,0.02200593808233213,0.38880425909800703,Louisiana
22,NA,NA,NA,2018,NA,0.25794594733810855,3.769951264087725,0,0.25794594733810855,Louisiana
23,NA,NA,NA,2004,NA,0.3074348427448967,NA,0.07840941791200425,0.3858442606569009,Maine
23,NA,NA,NA,2006,NA,0.4562894005555851,4.387499999999999,0,0.4562894005555851,Maine
23,NA,NA,NA,2008,NA,0.40471908736702866,4.0944036178631995,0.313637671648017,0.7183567590150457,Maine
23,NA,NA,NA,2010,NA,0.3919100319953619,4.23888733575622,0.07532576510262759,0.46723579709798946,Maine
23,NA,NA,NA,2014,NA,0.3424084660491682,4.306547619047619,0,0.3424084660491682,Maine
23,NA,NA,NA,2018,NA,0.20209034585864577,4.019073847409221,0.07532576510262759,0.2774161109612734,Maine
24,NA,NA,NA,2006,NA,0.31480471750561745,3.917391304347826,0.15095379210077675,0.4657585096063942,Maryland
24,NA,NA,NA,2008,NA,0.31043426753819264,3.947728516694034,0.09434612006298547,0.4047803876011781,Maryland
24,NA,NA,NA,2010,NA,0.3283934222397903,3.922829673780244,0.05184945269446051,0.3802428749342508,Maryland
24,NA,NA,NA,2014,NA,0.25374141727758853,3.9718501611170782,0.0172831508981535,0.27102456817574205,Maryland
24,NA,NA,NA,2018,NA,0.20629259532417243,3.753798649664009,0.0172831508981535,0.22357574622232593,Maryland
25,NA,NA,NA,2006,NA,0.31957638389804377,3.8703738317757006,0.5508818910799473,0.8704582749779911,Massachusetts
25,NA,NA,NA,2010,NA,0.2958497135795132,4.071457467287894,0.4880091574918404,0.7838588710713535,Massachusetts
25,NA,NA,NA,2014,NA,0.24667129415094402,4.019293793355182,0.42700801280536027,0.6736793069563043,Massachusetts
25,NA,NA,NA,2018,NA,0.18008922361296892,3.8294675324914524,0.42700801280536027,0.6070972364183291,Massachusetts
26,NA,NA,NA,2006,NA,0.4388790579656126,4.081018518518519,0.22142350960087304,0.6603025675664856,Michigan
26,NA,NA,NA,2010,NA,0.43594914181674416,4.181913972286374,0.11136337728272144,0.5473125190994657,Michigan
26,NA,NA,NA,2014,NA,0.326603469520072,4.030208856025676,0.3442140752375027,0.6708175447575747,Michigan
26,NA,NA,NA,2018,NA,0.3057912475084546,3.8892314871496385,0.0809915471147065,0.3867827946231611,Michigan
27,NA,NA,NA,2006,NA,0.4099809717993001,3.9243335692380277,0.22393917974742916,0.6339201515467292,Minnesota
27,NA,NA,NA,2010,NA,0.41215847209392337,4.114373393316196,0.2071335280639568,0.6192920001578801,Minnesota
27,NA,NA,NA,2014,NA,0.31862199478599396,3.941574879227053,0.1129819243985219,0.43160391918451585,Minnesota
27,NA,NA,NA,2018,NA,0.27961374903785663,3.821374138027174,0.05649096219926095,0.3361047112371176,Minnesota
28,NA,NA,NA,2004,NA,0.5367390996560677,NA,0,0.5367390996560677,Mississippi
28,NA,NA,NA,2006,NA,0.39039549753210756,4.0864864864864865,0,0.39039549753210756,Mississippi
28,NA,NA,NA,2010,NA,0.45147548531655424,4.178947368421053,0.0336696255533603,0.4851451108699145,Mississippi
28,NA,NA,NA,2014,NA,0.4396434354464068,3.9264705882352944,0,0.4396434354464068,Mississippi
28,NA,NA,NA,2018,NA,0.36157182957050404,3.991298865069357,0.1346785022134412,0.49625033178394523,Mississippi
29,NA,NA,NA,2006,NA,0.46297059216633707,4.280842105263158,0.03574307165234858,0.49871366381868565,Missouri
29,NA,NA,NA,2008,NA,0.4361660669639103,4.171948488241881,0.01787153582617429,0.4540376027900846,Missouri
29,NA,NA,NA,2010,NA,0.4011705029502886,4.130873051728033,0.11673999884260629,0.5179105017928949,Missouri
29,NA,NA,NA,2014,NA,0.3405661983778841,4.0819570530726255,0.0500314280754027,0.3905976264532868,Missouri
29,NA,NA,NA,2018,NA,0.31211508173554914,4.040065532844437,0.0333542853836018,0.34546936711915094,Missouri
30,NA,NA,NA,2004,NA,0.4693836814513053,NA,0,0.4693836814513053,Montana
30,NA,NA,NA,2006,NA,0.3957366196465091,4.042553191489361,0.11077386622947914,0.5065104858759882,Montana
30,NA,NA,NA,2008,NA,0.4113573518092448,4.089743589743589,0,0.4113573518092448,Montana
30,NA,NA,NA,2010,NA,0.35043925846489044,4.130357142857143,0,0.35043925846489044,Montana
30,NA,NA,NA,2014,NA,0.2581054364732645,4.342307692307692,0,0.2581054364732645,Montana
30,NA,NA,NA,2018,NA,0.23883799672936606,4.067517573066962,0.10091856073985415,0.33975655746922023,Montana
31,NA,NA,NA,2004,NA,0.34151762232902705,NA,0.4678898867940419,0.809407509123069,Nebraska
31,NA,NA,NA,2006,NA,0.44710523433795213,4.015555555555555,0.3509174150955314,0.7980226494334836,Nebraska
31,NA,NA,NA,2008,NA,0.40570081414333314,4.071480406386067,0.11697247169851048,0.5226732858418436,Nebraska
31,NA,NA,NA,2010,NA,0.4230303220498448,4.070762570762571,0.05463200156903108,0.4776623236188759,Nebraska
31,NA,NA,NA,2014,NA,0.4048664096152581,4.161774461028193,0.16389600470709323,0.5687624143223513,Nebraska
31,NA,NA,NA,2018,NA,0.3219797235096372,3.989170225747407,0,0.3219797235096372,Nebraska
32,NA,NA,NA,2004,NA,0.3040094074243329,NA,0.24996175585135472,0.5539711632756876,Nevada
32,NA,NA,NA,2006,NA,0.40087022267314254,3.6399331662489556,0.1999694046810838,0.6008396273542264,Nevada
32,NA,NA,NA,2010,NA,0.2447535690312026,3.7647833723653394,0.07394694011259162,0.3187005091437942,Nevada
32,NA,NA,NA,2014,NA,0.25088096947226485,3.775147738951696,0.03697347005629581,0.28785443952856066,Nevada
32,NA,NA,NA,2018,NA,0.166091904457782,3.6117366255144034,0.07394694011259162,0.2400388445703736,Nevada
33,NA,NA,NA,2006,NA,0.4117708358341635,3.7970890410958904,0.08098372551052141,0.4927545613446849,New Hampshire
33,NA,NA,NA,2008,NA,0.4089524567256347,4.267271505376344,0.24295117653156423,0.6519036332571989,New Hampshire
33,NA,NA,NA,2010,NA,0.4684168051061814,4.375,0.22783212417762097,0.6962489292838023,New Hampshire
33,NA,NA,NA,2014,NA,0.38063524526354486,4.263040238450074,0.15188808278508065,0.5325233280486255,New Hampshire
33,NA,NA,NA,2018,NA,0.23992327353985043,3.871596217386351,0.07594404139254032,0.31586731493239073,New Hampshire
34,NA,NA,NA,2006,NA,0.3013224962346684,3.9207609594706367,0.35643198748971244,0.6577544837243808,New Jersey
34,NA,NA,NA,2010,NA,0.3007678400130454,3.959642465967767,0.19314617393335592,0.49391401394640133,New Jersey
34,NA,NA,NA,2014,NA,0.23084100859838297,3.9686795695289607,0.19314617393335592,0.4239871825317389,New Jersey
34,NA,NA,NA,2018,NA,0.16178029757582793,3.7134471354926566,0.545353902870652,0.7071342004464799,New Jersey
35,NA,NA,NA,2004,NA,0.2387409063625441,NA,0.16496069811367442,0.4037016044762185,New Mexico
35,NA,NA,NA,2006,NA,0.3327141382793738,3.9015625,0,0.3327141382793738,New Mexico
35,NA,NA,NA,2010,NA,0.3203833974940389,3.9145263739298537,0.04840430372345265,0.36878770121749155,New Mexico
35,NA,NA,NA,2014,NA,0.2502746477829873,4.044162826420891,0.04840430372345265,0.29867895150643997,New Mexico
35,NA,NA,NA,2018,NA,0.19722884753666256,3.7601258894362344,0.04840430372345265,0.2456331512601152,New Mexico
36,NA,NA,NA,2006,NA,0.29694643344017024,3.9341381991128186,0.09485635612153648,0.3918027895617067,New York
36,NA,NA,NA,2010,NA,0.26934363286974294,3.9231403553846196,0.04641021379483786,0.3157538466645808,New York
36,NA,NA,NA,2014,NA,0.19087294843758607,3.8687188825373413,0.08766373716802708,0.2785366856056132,New York
36,NA,NA,NA,2018,NA,0.10874043118527096,3.7781219335295875,0.07219366590308113,0.1809340970883521,New York
37,NA,NA,NA,2004,NA,0.3172154641679781,NA,0.03727756940306806,0.3544930335710461,North Carolina
37,NA,NA,NA,2006,NA,0.44637286933485276,4.139751906225105,0.03727756940306807,0.48365043873792085,North Carolina
37,NA,NA,NA,2010,NA,0.3801120330198836,3.947452229299363,0.01045854660924506,0.39057057962912867,North Carolina
37,NA,NA,NA,2014,NA,0.29116561198620083,4.019477533960293,0.07320982626471542,0.36437543825091623,North Carolina
37,NA,NA,NA,2018,NA,0.286710256572548,3.8784150326797384,0.052292733046225295,0.3390029896187733,North Carolina
38,NA,NA,NA,2004,NA,0.25103538234497574,NA,0,0.25103538234497574,North Dakota
38,NA,NA,NA,2006,NA,0.5128514620951773,4.5,0,0.5128514620951773,North Dakota
38,NA,NA,NA,2010,NA,0.4320029859168372,4.051282051282051,0.2965163773408115,0.7285193632576488,North Dakota
38,NA,NA,NA,2014,NA,0.26343768967170744,4.132275132275133,0,0.26343768967170744,North Dakota
38,NA,NA,NA,2018,NA,0.23651813251843928,4.076496674057649,0.14825818867040574,0.384776321188845,North Dakota
39,NA,NA,NA,2006,NA,0.4192951796979524,4.142445388349515,0.05284699535325177,0.47214217505120415,Ohio
39,NA,NA,NA,2010,NA,0.4490587663402852,4.164735324519885,0.052010275149958624,0.5010690414902438,Ohio
39,NA,NA,NA,2014,NA,0.3586582188045058,4.077948117992345,0.05201027514995862,0.4106684939544644,Ohio
39,NA,NA,NA,2018,NA,0.2822633213558716,3.9279877224600135,0.09535217110825747,0.37761549246412907,Ohio
40,NA,NA,NA,2004,NA,0.4610509738523981,NA,0.02898501996198325,0.4900359938143814,Oklahoma
40,NA,NA,NA,2006,NA,0.4460955601423049,4.263718263718264,0.0579700399239665,0.5040656000662714,Oklahoma
40,NA,NA,NA,2010,NA,0.39475835600231834,4.104761904761904,0.10633484523760786,0.5010932012399262,Oklahoma
40,NA,NA,NA,2014,NA,0.31506333178753204,4.07125382262997,0.05316742261880392,0.36823075440633596,Oklahoma
40,NA,NA,NA,2018,NA,0.2961136924237453,3.8555665397028465,0,0.2961136924237453,Oklahoma
41,NA,NA,NA,2006,NA,0.3655964658058318,3.9959123610202747,0.20438385858038477,0.5699803243862166,Oregon
41,NA,NA,NA,2010,NA,0.35366371444991396,3.939220515792524,0.15629245130904043,0.5099561657589544,Oregon
41,NA,NA,NA,2014,NA,0.2743683967963623,3.9237205615942026,0,0.2743683967963623,Oregon
41,NA,NA,NA,2018,NA,0.21433773638960765,3.724926787252369,0.20838993507872064,0.4227276714683283,Oregon
42,NA,NA,NA,2006,NA,0.42132041661185815,4.217827453514673,0.02443867619275402,0.4457590928046122,Pennsylvania
42,NA,NA,NA,2010,NA,0.3688622674201846,4.099793854913124,0.03147219863992893,0.4003344660601135,Pennsylvania
42,NA,NA,NA,2014,NA,0.30638936996615196,4.065493907136354,0.03147219863992893,0.3378615686060809,Pennsylvania
42,NA,NA,NA,2018,NA,0.241279821126819,3.9387645699148965,0.01573609931996446,0.25701592044678345,Pennsylvania
44,NA,NA,NA,2004,NA,0.11384433344658237,NA,0.2861331301152258,0.3999774635618082,Rhode Island
44,NA,NA,NA,2006,NA,0.3995781656757418,4.45,0.3815108401536344,0.7810890058293762,Rhode Island
44,NA,NA,NA,2010,NA,0.3870921962140951,4.183673469387755,0,0.3870921962140951,Rhode Island
44,NA,NA,NA,2014,NA,0.2506416979127786,4.187229437229437,0.18995408809690695,0.4405957860096856,Rhode Island
44,NA,NA,NA,2018,NA,0.30641902919318914,3.927633477633478,0.09497704404845347,0.4013960732416426,Rhode Island
45,NA,NA,NA,2004,NA,0.2383773354123181,NA,0,0.2383773354123181,South Carolina
45,NA,NA,NA,2006,NA,0.47151063011093247,4.168230143839899,0.04983002976845978,0.5213406598793923,South Carolina
45,NA,NA,NA,2010,NA,0.48074799863843,4.22086945436002,0,0.48074799863843,South Carolina
45,NA,NA,NA,2014,NA,0.405211539785883,4.227744030163384,0,0.405211539785883,South Carolina
45,NA,NA,NA,2018,NA,0.28969266261110915,3.991325263811297,0,0.28969266261110915,South Carolina
46,NA,NA,NA,2004,NA,0.418746147684514,NA,0,0.418746147684514,South Dakota
46,NA,NA,NA,2006,NA,0.38173834168455417,4.153846153846153,0,0.38173834168455417,South Dakota
46,NA,NA,NA,2008,NA,0.5332984083321806,4.307142857142857,0,0.5332984083321806,South Dakota
46,NA,NA,NA,2010,NA,0.49361911579024137,4.2627906976744185,0.12247952448549412,0.6160986402757355,South Dakota
46,NA,NA,NA,2014,NA,0.39659042872614325,4.204545454545455,0,0.39659042872614325,South Dakota
46,NA,NA,NA,2018,NA,0.3176657975822098,4.100505050505051,0,0.3176657975822098,South Dakota
47,NA,NA,NA,2006,NA,0.448317435905197,4.118243243243244,0.15821852967520372,0.6065359655804008,Tennessee
47,NA,NA,NA,2010,NA,0.44684329934174494,4.107455165258633,0.03146189091942185,0.4783051902611668,Tennessee
47,NA,NA,NA,2014,NA,0.3149481894593,4.036865813181603,0.04719283637913277,0.3621410258384328,Tennessee
47,NA,NA,NA,2018,NA,0.309577670141424,3.9396570127374937,0.0629237818388437,0.37250145198026774,Tennessee
48,NA,NA,NA,2006,NA,0.38296447297018166,3.9987655304237015,0.05276242218082343,0.4357268951510051,Texas
48,NA,NA,NA,2010,NA,0.3368699310293243,3.978233165359846,0.02375568325027158,0.36062561427959583,Texas
48,NA,NA,NA,2014,NA,0.28481356901401106,3.86002430230792,0.03167424433369544,0.3164878133477065,Texas
48,NA,NA,NA,2018,NA,0.2150113605775738,3.737234286284271,0.05542992758396703,0.27044128816154084,Texas
49,NA,NA,NA,2006,NA,0.4077966641008328,3.9670868347338937,0.08965252920991468,0.4974491933107475,Utah
49,NA,NA,NA,2008,NA,0.3939887367933523,4.2413112970142155,0.13447879381487202,0.5284675306082243,Utah
49,NA,NA,NA,2010,NA,0.4165520772479995,4.0887946340501085,0.10805090926640996,0.5246029865144094,Utah
49,NA,NA,NA,2014,NA,0.2678497997840904,4.054955703211517,0.07203393951093998,0.33988373929503035,Utah
49,NA,NA,NA,2018,NA,0.20281509044397583,3.977834984546951,0,0.20281509044397583,Utah
50,NA,NA,NA,2004,NA,0.3774124084564444,NA,0.49310718342107906,0.8705195918775235,Vermont
50,NA,NA,NA,2006,NA,0.38729362825155905,4.134146341463415,0,0.38729362825155905,Vermont
50,NA,NA,NA,2008,NA,0.4609792735800797,4.385971492873218,0.16436906114035968,0.6253483347204394,Vermont
50,NA,NA,NA,2010,NA,0.402842718483326,4.294612794612794,0.15975461690842865,0.5625973353917546,Vermont
50,NA,NA,NA,2014,NA,0.3460561042960969,4.1980676328502415,0.3195092338168573,0.6655653381129543,Vermont
50,NA,NA,NA,2018,NA,0.26906316109137784,3.993703931203931,0,0.26906316109137784,Vermont
51,NA,NA,NA,2006,NA,0.3610257471638334,3.9684963277928103,0.19772369187417765,0.558749439038011,Virginia
51,NA,NA,NA,2010,NA,0.3357539251007088,3.8989172592113768,0.062308269665704914,0.3980621947664137,Virginia
51,NA,NA,NA,2014,NA,0.25493481342892865,3.9637019230769233,0.07476992359884589,0.32970473702777453,Virginia
51,NA,NA,NA,2018,NA,0.2056445521914939,3.8181393269922976,0.07476992359884589,0.2804144757903398,Virginia
53,NA,NA,NA,2006,NA,0.3604351813846508,3.862857858972931,0.22053409966105603,0.5809692810457068,Washington
53,NA,NA,NA,2010,NA,0.35774417987139817,3.9034149184482163,0.2520573813076618,0.6098015611790599,Washington
53,NA,NA,NA,2014,NA,0.26129334847468877,3.8794876921709767,0.28171119087326907,0.5430045393479579,Washington
53,NA,NA,NA,2018,NA,0.19440238695291331,3.757056778491157,0.7265183343573782,0.9209207213102916,Washington
54,NA,NA,NA,2004,NA,0.41481814273689593,NA,0,0.41481814273689593,West Virginia
54,NA,NA,NA,2006,NA,0.5102888228353093,4.491666666666667,0,0.5102888228353093,West Virginia
54,NA,NA,NA,2008,NA,0.4412472892187931,4.459549071618037,0,0.4412472892187931,West Virginia
54,NA,NA,NA,2010,NA,0.42762609113416933,4.163405088062622,0.10787643617247931,0.5355025273066486,West Virginia
54,NA,NA,NA,2014,NA,0.4068656194699335,4.148809523809524,0.05393821808623966,0.46080383755617316,West Virginia
54,NA,NA,NA,2018,NA,0.24999535958478653,3.8792643923240937,0.10787643617247931,0.35787179575726585,West Virginia
55,NA,NA,NA,2006,NA,0.45350194568312036,4.239526905019863,0.07466612110620846,0.5281680667893288,Wisconsin
55,NA,NA,NA,2010,NA,0.4240367566783183,4.1692407464545695,0.1230002141960873,0.5470369708744056,Wisconsin
55,NA,NA,NA,2014,NA,0.3394429332507236,3.969412477286493,0.01757145917086961,0.3570143924215932,Wisconsin
55,NA,NA,NA,2018,NA,0.32157017240613506,3.885051409670323,0,0.32157017240613506,Wisconsin
56,NA,NA,NA,2004,NA,0.40255736060056363,NA,0,0.40255736060056363,Wyoming
56,NA,NA,NA,2006,NA,0.4542267005830174,4.555555555555555,0.20249104483354224,0.6567177454165596,Wyoming
56,NA,NA,NA,2008,NA,0.43368177626897164,4.347689075630251,0,0.43368177626897164,Wyoming
56,NA,NA,NA,2010,NA,0.3350732728186333,4,0,0.3350732728186333,Wyoming
56,NA,NA,NA,2014,NA,0.23132494527954603,3.8058823529411763,0,0.23132494527954603,Wyoming
56,NA,NA,NA,2018,NA,0.28143849095082296,3.969047619047619,0,0.28143849095082296,Wyoming
NA,NA,NA,NA,2004,NA,0.31138458810787883,NA,0,0.31138458810787883,NA
NA,NA,NA,NA,2006,NA,0.33756961911582134,3.5692640692640696,0,0.33756961911582134,NA
NA,NA,NA,NA,2008,NA,0.32568991149853,3.746969696969697,0,0.32568991149853,NA
NA,NA,NA,NA,2010,NA,0.2500849456743556,3.667020373514431,0,0.2500849456743556,NA
NA,NA,NA,NA,2012,NA,0.29662819401993723,3.703243243243243,0,0.29662819401993723,NA
NA,NA,NA,NA,2014,NA,0.1773311881148607,3.7735042735042734,0,0.1773311881148607,NA
NA,NA,NA,NA,2016,NA,0.2325123765567766,3.616898148148148,0,0.2325123765567766,NA
NA,NA,NA,NA,2018,NA,0.24084939123434265,3.6492753623188405,0,0.24084939123434265,NA
NA,NA,NA,NA,2020,NA,0.18948751961626115,3.613965744400527,0,0.18948751961626115,NA
2,NA,NA,NA,1994,NA,NA,NA,0.18158838996469925,0.18158838996469925,Alaska
2,NA,NA,NA,1996,NA,NA,NA,0.18158838996469925,0.18158838996469925,Alaska
2,NA,NA,NA,2002,NA,NA,NA,0.15969670401972574,0.15969670401972574,Alaska
2,NA,NA,NA,NA,NA,NA,NA,0.3631767799293985,0.3631767799293985,Alaska
4,NA,NA,NA,1996,NA,NA,NA,0.3558865970096218,0.3558865970096218,Arizona
4,NA,NA,NA,1998,NA,NA,NA,0.43801427324261144,0.43801427324261144,Arizona
4,NA,NA,NA,NA,NA,NA,NA,0.46539016532027466,0.46539016532027466,Arizona
6,NA,NA,NA,1996,NA,NA,NA,1.053314293808124,1.053314293808124,California
6,NA,NA,NA,NA,NA,NA,NA,0.158165405140517,0.158165405140517,California
8,NA,NA,NA,1996,NA,NA,NA,0.30462209192519946,0.30462209192519946,Colorado
8,NA,NA,NA,NA,NA,NA,NA,0.6397063930429188,0.6397063930429188,Colorado
9,NA,NA,NA,1996,NA,NA,NA,0.09140405773080286,0.09140405773080286,Connecticut
9,NA,NA,NA,NA,NA,NA,NA,0.06093603848720191,0.06093603848720191,Connecticut
10,NA,NA,NA,1996,NA,NA,NA,0.1511334251217002,0.1511334251217002,Delaware
10,NA,NA,NA,1998,NA,NA,NA,0.3022668502434004,0.3022668502434004,Delaware
11,NA,NA,NA,1994,NA,NA,NA,0.16397044596681895,0.16397044596681895,District of Columbia
11,NA,NA,NA,1996,NA,NA,NA,0.3279408919336379,0.3279408919336379,District of Columbia
12,NA,NA,NA,1996,NA,NA,NA,0.023214598144085732,0.023214598144085732,Florida
12,NA,NA,NA,NA,NA,NA,NA,0.023214598144085732,0.023214598144085732,Florida
13,NA,NA,NA,1996,NA,NA,NA,0.03093091379353275,0.03093091379353275,Georgia
13,NA,NA,NA,NA,NA,NA,NA,0.03093091379353275,0.03093091379353275,Georgia
16,NA,NA,NA,1994,NA,NA,NA,0.3027501826592769,0.3027501826592769,Idaho
16,NA,NA,NA,1996,NA,NA,NA,0.3027501826592769,0.3027501826592769,Idaho
16,NA,NA,NA,1998,NA,NA,NA,0.4036669102123692,0.4036669102123692,Idaho
16,NA,NA,NA,NA,NA,NA,NA,0.5045836377654616,0.5045836377654616,Idaho
17,NA,NA,NA,1996,NA,NA,NA,0.1492040054078553,0.1492040054078553,Illinois
17,NA,NA,NA,NA,NA,NA,NA,0.19308753641016568,0.19308753641016568,Illinois
18,NA,NA,NA,1996,NA,NA,NA,0.07209377814473508,0.07209377814473508,Indiana
18,NA,NA,NA,NA,NA,NA,NA,0.09011722268091887,0.09011722268091887,Indiana
19,NA,NA,NA,1996,NA,NA,NA,0.2891575323007036,0.2891575323007036,Iowa
19,NA,NA,NA,NA,NA,NA,NA,0.25301284076311564,0.25301284076311564,Iowa
20,NA,NA,NA,1996,NA,NA,NA,0.12139153544916081,0.12139153544916081,Kansas
20,NA,NA,NA,1998,NA,NA,NA,0.16185538059888108,0.16185538059888108,Kansas
21,NA,NA,NA,1994,NA,NA,NA,0.1363365549661272,0.1363365549661272,Kentucky
21,NA,NA,NA,1996,NA,NA,NA,0.02726731099322544,0.02726731099322544,Kentucky
21,NA,NA,NA,1998,NA,NA,NA,0.05453462198645088,0.05453462198645088,Kentucky
22,NA,NA,NA,NA,NA,NA,NA,0.0477508399372745,0.0477508399372745,Louisiana
23,NA,NA,NA,1994,NA,NA,NA,0.24451790849161795,0.24451790849161795,Maine
23,NA,NA,NA,1996,NA,NA,NA,0.9780716339664717,0.9780716339664717,Maine
23,NA,NA,NA,1998,NA,NA,NA,0.24451790849161792,0.24451790849161792,Maine
23,NA,NA,NA,NA,NA,NA,NA,0.3260238779888239,0.3260238779888239,Maine
24,NA,NA,NA,1996,NA,NA,NA,0.4601744144698916,0.4601744144698916,Maryland
24,NA,NA,NA,NA,NA,NA,NA,0.9830998854584049,0.9830998854584049,Maryland
25,NA,NA,NA,1996,NA,NA,NA,0.8809989797034459,0.8809989797034459,Massachusetts
25,NA,NA,NA,NA,NA,NA,NA,1.063847824547557,1.063847824547557,Massachusetts
26,NA,NA,NA,1996,NA,NA,NA,0.17232447406032003,0.17232447406032003,Michigan
26,NA,NA,NA,NA,NA,NA,NA,0.08616223703016002,0.08616223703016002,Michigan
27,NA,NA,NA,1996,NA,NA,NA,0.9389525137361882,0.9389525137361882,Minnesota
29,NA,NA,NA,1996,NA,NA,NA,0.13720322208046734,0.13720322208046734,Missouri
29,NA,NA,NA,NA,NA,NA,NA,0.07840184118883847,0.07840184118883847,Missouri
30,NA,NA,NA,1994,NA,NA,NA,0.12557813031744897,0.12557813031744897,Montana
30,NA,NA,NA,1998,NA,NA,NA,0.3767343909523469,0.3767343909523469,Montana
31,NA,NA,NA,1998,NA,NA,NA,0.31684694201510855,0.31684694201510855,Nebraska
32,NA,NA,NA,1994,NA,NA,NA,0.3344604651007228,0.3344604651007228,Nevada
32,NA,NA,NA,1996,NA,NA,NA,0.33446046510072275,0.33446046510072275,Nevada
32,NA,NA,NA,1998,NA,NA,NA,0.2508453488255421,0.2508453488255421,Nevada
32,NA,NA,NA,NA,NA,NA,NA,0.0836151162751807,0.0836151162751807,Nevada
34,NA,NA,NA,1996,NA,NA,NA,0.4805820185951471,0.4805820185951471,New Jersey
34,NA,NA,NA,NA,NA,NA,NA,0.9351866307797456,0.9351866307797456,New Jersey
35,NA,NA,NA,1994,NA,NA,NA,0.1327011450781809,0.1327011450781809,New Mexico
35,NA,NA,NA,1996,NA,NA,NA,0.2654022901563618,0.2654022901563618,New Mexico
37,NA,NA,NA,1998,NA,NA,NA,0.0604942562216074,0.0604942562216074,North Carolina
39,NA,NA,NA,1996,NA,NA,NA,0.09231663423891028,0.09231663423891028,Ohio
39,NA,NA,NA,NA,NA,NA,NA,0.1015482976628013,0.1015482976628013,Ohio
40,NA,NA,NA,1994,NA,NA,NA,0.09562914253491817,0.09562914253491817,Oklahoma
40,NA,NA,NA,1996,NA,NA,NA,0.15938190422486365,0.15938190422486365,Oklahoma
40,NA,NA,NA,1998,NA,NA,NA,0.09562914253491817,0.09562914253491817,Oklahoma
40,NA,NA,NA,NA,NA,NA,NA,0.1275055233798909,0.1275055233798909,Oklahoma
41,NA,NA,NA,1996,NA,NA,NA,0.4589068344994862,0.4589068344994862,Oregon
41,NA,NA,NA,NA,NA,NA,NA,0.9531141947297022,0.9531141947297022,Oregon
42,NA,NA,NA,1996,NA,NA,NA,0.11810907372958929,0.11810907372958929,Pennsylvania
42,NA,NA,NA,NA,NA,NA,NA,0.06749089927405102,0.06749089927405102,Pennsylvania
44,NA,NA,NA,1994,NA,NA,NA,0.6983700044097078,0.6983700044097078,Rhode Island
44,NA,NA,NA,1996,NA,NA,NA,0.5986028609226067,0.5986028609226067,Rhode Island
44,NA,NA,NA,1998,NA,NA,NA,0.09976714348710113,0.09976714348710113,Rhode Island
44,NA,NA,NA,NA,NA,NA,NA,0.39906857394840445,0.39906857394840445,Rhode Island
45,NA,NA,NA,1994,NA,NA,NA,0.02872790536798148,0.02872790536798148,South Carolina
45,NA,NA,NA,1996,NA,NA,NA,0.05745581073596296,0.05745581073596296,South Carolina
45,NA,NA,NA,1998,NA,NA,NA,0.02872790536798148,0.02872790536798148,South Carolina
46,NA,NA,NA,1996,NA,NA,NA,0.2885145252637744,0.2885145252637744,South Dakota
46,NA,NA,NA,1998,NA,NA,NA,0.1442572626318872,0.1442572626318872,South Dakota
47,NA,NA,NA,1996,NA,NA,NA,0.02057004955530638,0.02057004955530638,Tennessee
48,NA,NA,NA,1996,NA,NA,NA,0.10028680847378697,0.10028680847378697,Texas
48,NA,NA,NA,NA,NA,NA,NA,0.13568215264100592,0.13568215264100592,Texas
49,NA,NA,NA,1996,NA,NA,NA,0.11615562065432784,0.11615562065432784,Utah
49,NA,NA,NA,NA,NA,NA,NA,0.05807781032716392,0.05807781032716392,Utah
50,NA,NA,NA,1998,NA,NA,NA,0.1787843735306159,0.1787843735306159,Vermont
51,NA,NA,NA,1996,NA,NA,NA,0.04853414741276593,0.04853414741276593,Virginia
51,NA,NA,NA,NA,NA,NA,NA,0.06471219655035457,0.06471219655035457,Virginia
53,NA,NA,NA,1996,NA,NA,NA,0.5369721873190301,0.5369721873190301,Washington
53,NA,NA,NA,NA,NA,NA,NA,1.1359027039441019,1.1359027039441019,Washington
54,NA,NA,NA,1998,NA,NA,NA,0.16797321835006626,0.16797321835006626,West Virginia
55,NA,NA,NA,1996,NA,NA,NA,0.45068659029167824,0.45068659029167824,Wisconsin
55,NA,NA,NA,NA,NA,NA,NA,0.2048575410416719,0.2048575410416719,Wisconsin
NA,NA,NA,NA,2006,NA,NA,NA,0,0,NA
